time_min,absorbance_AU
0.000000,0.145137
0.050042,0.149878
0.100083,0.148781
0.150125,0.141289
0.200167,0.141591
0.250209,0.140131
0.300250,0.143981
0.350292,0.140943
0.400334,0.143625
0.450375,0.132723
0.500417,0.145858
0.550459,0.138689
0.600500,0.141283
0.650542,0.137507
0.700584,0.136033
0.750626,0.138902
0.800667,0.139852
0.850709,0.135252
0.900751,0.134963
0.950792,0.137833
1.000834,0.131130
1.050876,0.128078
1.100917,0.135244
1.150959,0.130514
1.201001,0.125051
1.251043,0.129016
1.301084,0.129946
1.351126,0.126591
1.401168,0.124945
1.451209,0.130617
1.501251,0.133619
1.551293,0.128660
1.601334,0.126184
1.651376,0.130269
1.701418,0.131171
1.751460,0.126680
1.801501,0.129639
1.851543,0.131217
1.901585,0.125805
1.951626,0.122970
2.001668,0.127210
2.051710,0.126408
2.101751,0.129415
2.151793,0.119487
2.201835,0.121587
2.251877,0.120493
2.301918,0.116525
2.351960,0.123585
2.402002,0.124813
2.452043,0.119372
2.502085,0.127498
2.552127,0.124874
2.602168,0.123731
2.652210,0.122466
2.702252,0.124323
2.752294,0.114817
2.802335,0.122248
2.852377,0.121854
2.902419,0.112026
2.952460,0.120141
3.002502,0.117411
3.052544,0.121201
3.102585,0.115984
3.152627,0.117336
3.202669,0.118452
3.252711,0.113250
3.302752,0.118827
3.352794,0.115692
3.402836,0.117765
3.452877,0.113394
3.502919,0.119514
3.552961,0.117282
3.603003,0.113843
3.653044,0.116780
3.703086,0.118991
3.753128,0.120819
3.803169,0.107065
3.853211,0.116599
3.903253,0.114637
3.953294,0.112115
4.003336,0.108179
4.053378,0.116953
4.103420,0.106598
4.153461,0.113636
4.203503,0.116301
4.253545,0.104424
4.303586,0.109343
4.353628,0.105050
4.403670,0.110999
4.453711,0.115818
4.503753,0.117596
4.553795,0.102132
4.603837,0.106691
4.653878,0.111552
4.703920,0.114806
4.753962,0.109926
4.804003,0.105012
4.854045,0.108944
4.904087,0.107451
4.954128,0.106469
5.004170,0.104121
5.054212,0.108396
5.104254,0.107891
5.154295,0.106142
5.204337,0.105555
5.254379,0.101354
5.304420,0.104807
5.354462,0.112160
5.404504,0.107651
5.454545,0.104459
5.504587,0.118378
5.554629,0.119349
5.604671,0.131590
5.654712,0.131445
5.704754,0.139786
5.754796,0.148822
5.804837,0.175348
5.854879,0.197851
5.904921,0.203182
5.954962,0.223115
6.005004,0.246399
6.055046,0.256687
6.105088,0.271261
6.155129,0.278509
6.205171,0.282756
6.255213,0.282748
6.305254,0.269462
6.355296,0.259486
6.405338,0.237173
6.455379,0.221178
6.505421,0.191679
6.555463,0.175378
6.605505,0.166853
6.655546,0.145984
6.705588,0.137839
6.755630,0.127394
6.805671,0.122567
6.855713,0.114614
6.905755,0.111186
6.955796,0.103713
7.005838,0.099360
7.055880,0.097893
7.105922,0.097989
7.155963,0.094840
7.206005,0.096772
7.256047,0.098306
7.306088,0.099462
7.356130,0.096917
7.406172,0.090415
7.456214,0.097669
7.506255,0.098714
7.556297,0.102009
7.606339,0.099844
7.656380,0.094822
7.706422,0.094366
7.756464,0.105170
7.806505,0.100023
7.856547,0.104192
7.906589,0.105255
7.956631,0.093338
8.006672,0.098026
8.056714,0.098193
8.106756,0.098476
8.156797,0.098284
8.206839,0.096805
8.256881,0.096575
8.306922,0.089751
8.356964,0.094984
8.407006,0.092541
8.457048,0.095923
8.507089,0.093437
8.557131,0.097671
8.607173,0.098365
8.657214,0.096216
8.707256,0.096140
8.757298,0.095142
8.807339,0.092876
8.857381,0.093907
8.907423,0.092481
8.957465,0.095916
9.007506,0.094323
9.057548,0.096494
9.107590,0.088759
9.157631,0.097530
9.207673,0.090835
9.257715,0.090857
9.307756,0.092913
9.357798,0.091360
9.407840,0.094690
9.457882,0.091141
9.507923,0.089074
9.557965,0.089884
9.608007,0.098432
9.658048,0.093278
9.708090,0.088350
9.758132,0.092973
9.808173,0.086637
9.858215,0.099941
9.908257,0.086608
9.958299,0.094546
10.008340,0.094731
10.058382,0.086683
10.108424,0.093612
10.158465,0.096328
10.208507,0.094140
10.258549,0.093244
10.308590,0.095929
10.358632,0.092709
10.408674,0.093345
10.458716,0.091428
10.508757,0.094398
10.558799,0.088042
10.608841,0.094913
10.658882,0.089664
10.708924,0.087263
10.758966,0.093028
10.809008,0.098281
10.859049,0.095299
10.909091,0.089334
10.959133,0.094134
11.009174,0.089471
11.059216,0.090739
11.109258,0.091541
11.159299,0.081863
11.209341,0.091848
11.259383,0.086914
11.309425,0.088194
11.359466,0.085039
11.409508,0.084824
11.459550,0.087072
11.509591,0.094102
11.559633,0.097420
11.609675,0.090613
11.659716,0.095039
11.709758,0.089576
11.759800,0.082946
11.809842,0.091158
11.859883,0.092310
11.909925,0.088791
11.959967,0.091705
12.010008,0.092800
12.060050,0.087111
12.110092,0.084778
12.160133,0.090031
12.210175,0.090478
12.260217,0.090595
12.310259,0.097062
12.360300,0.101758
12.410342,0.095861
12.460384,0.104318
12.510425,0.111118
12.560467,0.118519
12.610509,0.131429
12.660550,0.141415
12.710592,0.166813
12.760634,0.199002
12.810676,0.228302
12.860717,0.264721
12.910759,0.320176
12.960801,0.381836
13.010842,0.445304
13.060884,0.515455
13.110926,0.602724
13.160967,0.672788
13.211009,0.760260
13.261051,0.834278
13.311093,0.897550
13.361134,0.963450
13.411176,1.001310
13.461218,1.019272
13.511259,1.031600
13.561301,1.013632
13.611343,0.975661
13.661384,0.932087
13.711426,0.873916
13.761468,0.803281
13.811510,0.722853
13.861551,0.641112
13.911593,0.562265
13.961635,0.482626
14.011676,0.417159
14.061718,0.349474
14.111760,0.294784
14.161802,0.249031
14.211843,0.204150
14.261885,0.174652
14.311927,0.159425
14.361968,0.136185
14.412010,0.119942
14.462052,0.112409
14.512093,0.101981
14.562135,0.100059
14.612177,0.092909
14.662219,0.094435
14.712260,0.085565
14.762302,0.096275
14.812344,0.088326
14.862385,0.083705
14.912427,0.088930
14.962469,0.088223
15.012510,0.090252
15.062552,0.085028
15.112594,0.091183
15.162636,0.104083
15.212677,0.084474
15.262719,0.090944
15.312761,0.088356
15.362802,0.090377
15.412844,0.082368
15.462886,0.085020
15.512927,0.091472
15.562969,0.089490
15.613011,0.096195
15.663053,0.086846
15.713094,0.090375
15.763136,0.101342
15.813178,0.086640
15.863219,0.086100
15.913261,0.089588
15.963303,0.089564
16.013344,0.093134
16.063386,0.090290
16.113428,0.086761
16.163470,0.090649
16.213511,0.100374
16.263553,0.094924
16.313595,0.078725
16.363636,0.089304
16.413678,0.086389
16.463720,0.092397
16.513761,0.089234
16.563803,0.097678
16.613845,0.093692
16.663887,0.093549
16.713928,0.090754
16.763970,0.089868
16.814012,0.091411
16.864053,0.095254
16.914095,0.092233
16.964137,0.088713
17.014178,0.095242
17.064220,0.090933
17.114262,0.089879
17.164304,0.087048
17.214345,0.087974
17.264387,0.087719
17.314429,0.079120
17.364470,0.094383
17.414512,0.092608
17.464554,0.089511
17.514595,0.094580
17.564637,0.092175
17.614679,0.091937
17.664721,0.080580
17.714762,0.089576
17.764804,0.092666
17.814846,0.097005
17.864887,0.097957
17.914929,0.096330
17.964971,0.086010
18.015013,0.081897
18.065054,0.093001
18.115096,0.090861
18.165138,0.094632
18.215179,0.090311
18.265221,0.091726
18.315263,0.084880
18.365304,0.092705
18.415346,0.089167
18.465388,0.092380
18.515430,0.092852
18.565471,0.090580
18.615513,0.092351
18.665555,0.091065
18.715596,0.094192
18.765638,0.093198
18.815680,0.089038
18.865721,0.088912
18.915763,0.098275
18.965805,0.090931
19.015847,0.095342
19.065888,0.092986
19.115930,0.089194
19.165972,0.088493
19.216013,0.092008
19.266055,0.092593
19.316097,0.094063
19.366138,0.086577
19.416180,0.089306
19.466222,0.091345
19.516264,0.098168
19.566305,0.082365
19.616347,0.093603
19.666389,0.089727
19.716430,0.093654
19.766472,0.090003
19.816514,0.093471
19.866555,0.098313
19.916597,0.093514
19.966639,0.093874
20.016681,0.093675
20.066722,0.089225
20.116764,0.094442
20.166806,0.091481
20.216847,0.089112
20.266889,0.092249
20.316931,0.091540
20.366972,0.095511
20.417014,0.092376
20.467056,0.090487
20.517098,0.098497
20.567139,0.096718
20.617181,0.097976
20.667223,0.095534
20.717264,0.092998
20.767306,0.092306
20.817348,0.093755
20.867389,0.100093
20.917431,0.098994
20.967473,0.096051
21.017515,0.106936
21.067556,0.108806
21.117598,0.125459
21.167640,0.133973
21.217681,0.152077
21.267723,0.180846
21.317765,0.208466
21.367807,0.235582
21.417848,0.283075
21.467890,0.329773
21.517932,0.357622
21.567973,0.412359
21.618015,0.440381
21.668057,0.473097
21.718098,0.497809
21.768140,0.505878
21.818182,0.518644
21.868224,0.505772
21.918265,0.480595
21.968307,0.453489
22.018349,0.413141
22.068390,0.378853
22.118432,0.344378
22.168474,0.296296
22.218515,0.268511
22.268557,0.244509
22.318599,0.229847
22.368641,0.221880
22.418682,0.215185
22.468724,0.224521
22.518766,0.249576
22.568807,0.275974
22.618849,0.314352
22.668891,0.365312
22.718932,0.418634
22.768974,0.467087
22.819016,0.520030
22.869058,0.575549
22.919099,0.612826
22.969141,0.659148
23.019183,0.683034
23.069224,0.712210
23.119266,0.707170
23.169308,0.692629
23.219349,0.666025
23.269391,0.620120
23.319433,0.587390
23.369475,0.539154
23.419516,0.474461
23.469558,0.424272
23.519600,0.370453
23.569641,0.311201
23.619683,0.276142
23.669725,0.238787
23.719766,0.201475
23.769808,0.173551
23.819850,0.155761
23.869892,0.130128
23.919933,0.124445
23.969975,0.119387
24.020017,0.103891
24.070058,0.108481
24.120100,0.099921
24.170142,0.091373
24.220183,0.098078
24.270225,0.093887
24.320267,0.098633
24.370309,0.092442
24.420350,0.101226
24.470392,0.094036
24.520434,0.098426
24.570475,0.094657
24.620517,0.095788
24.670559,0.101900
24.720601,0.098051
24.770642,0.095669
24.820684,0.092304
24.870726,0.102011
24.920767,0.100364
24.970809,0.096188
25.020851,0.098530
25.070892,0.093500
25.120934,0.093621
25.170976,0.094438
25.221018,0.099219
25.271059,0.099051
25.321101,0.094950
25.371143,0.100945
25.421184,0.101195
25.471226,0.098811
25.521268,0.102336
25.571309,0.097097
25.621351,0.097858
25.671393,0.100265
25.721435,0.098301
25.771476,0.101676
25.821518,0.093554
25.871560,0.104332
25.921601,0.095568
25.971643,0.098098
26.021685,0.093311
26.071726,0.101287
26.121768,0.104046
26.171810,0.103299
26.221852,0.102414
26.271893,0.092916
26.321935,0.096081
26.371977,0.097425
26.422018,0.095602
26.472060,0.103897
26.522102,0.100209
26.572143,0.099439
26.622185,0.101553
26.672227,0.095862
26.722269,0.096101
26.772310,0.096274
26.822352,0.101857
26.872394,0.101299
26.922435,0.102311
26.972477,0.104379
27.022519,0.094702
27.072560,0.097956
27.122602,0.100855
27.172644,0.094936
27.222686,0.098270
27.272727,0.104521
27.322769,0.104943
27.372811,0.104906
27.422852,0.100839
27.472894,0.099886
27.522936,0.105119
27.572977,0.099378
27.623019,0.102289
27.673061,0.106305
27.723103,0.099602
27.773144,0.098698
27.823186,0.101170
27.873228,0.103669
27.923269,0.103273
27.973311,0.102035
28.023353,0.103706
28.073394,0.095150
28.123436,0.098180
28.173478,0.102339
28.223520,0.098040
28.273561,0.096456
28.323603,0.097060
28.373645,0.098288
28.423686,0.101316
28.473728,0.098008
28.523770,0.103107
28.573812,0.109022
28.623853,0.101716
28.673895,0.107474
28.723937,0.103598
28.773978,0.098035
28.824020,0.101558
28.874062,0.098726
28.924103,0.105795
28.974145,0.098181
29.024187,0.108153
29.074229,0.105245
29.124270,0.094913
29.174312,0.106210
29.224354,0.109355
29.274395,0.100051
29.324437,0.107224
29.374479,0.096160
29.424520,0.104433
29.474562,0.096849
29.524604,0.105495
29.574646,0.096484
29.624687,0.093175
29.674729,0.105362
29.724771,0.113000
29.774812,0.101536
29.824854,0.107311
29.874896,0.104504
29.924937,0.102838
29.974979,0.106665
30.025021,0.110844
30.075063,0.099405
30.125104,0.106673
30.175146,0.105869
30.225188,0.098862
30.275229,0.111090
30.325271,0.112500
30.375313,0.100963
30.425354,0.111798
30.475396,0.105143
30.525438,0.104337
30.575480,0.111076
30.625521,0.106043
30.675563,0.106498
30.725605,0.111348
30.775646,0.110503
30.825688,0.108995
30.875730,0.099892
30.925771,0.099277
30.975813,0.110143
31.025855,0.102004
31.075897,0.106378
31.125938,0.101560
31.175980,0.105194
31.226022,0.100887
31.276063,0.112595
31.326105,0.102071
31.376147,0.105732
31.426188,0.105540
31.476230,0.111190
31.526272,0.100759
31.576314,0.106378
31.626355,0.105747
31.676397,0.108777
31.726439,0.108618
31.776480,0.104948
31.826522,0.107835
31.876564,0.105451
31.926606,0.108896
31.976647,0.106686
32.026689,0.104548
32.076731,0.107133
32.126772,0.108772
32.176814,0.116454
32.226856,0.105499
32.276897,0.108765
32.326939,0.113464
32.376981,0.099374
32.427023,0.100789
32.477064,0.103082
32.527106,0.107456
32.577148,0.117752
32.627189,0.109640
32.677231,0.112996
32.727273,0.107375
32.777314,0.098524
32.827356,0.099266
32.877398,0.112778
32.927440,0.109689
32.977481,0.104098
33.027523,0.114247
33.077565,0.104319
33.127606,0.116014
33.177648,0.118717
33.227690,0.111893
33.277731,0.113391
33.327773,0.125191
33.377815,0.122907
33.427857,0.138137
33.477898,0.139771
33.527940,0.160720
33.577982,0.174574
33.628023,0.193702
33.678065,0.218394
33.728107,0.255557
33.778148,0.286464
33.828190,0.339742
33.878232,0.393845
33.928274,0.460614
33.978315,0.523018
34.028357,0.612048
34.078399,0.687062
34.128440,0.771282
34.178482,0.871335
34.228524,0.962450
34.278565,1.042427
34.328607,1.121506
34.378649,1.198650
34.428691,1.258211
34.478732,1.308538
34.528774,1.349282
34.578816,1.360949
34.628857,1.358680
34.678899,1.340643
34.728941,1.303424
34.778982,1.256137
34.829024,1.192178
34.879066,1.112349
34.929108,1.031477
34.979149,0.952896
35.029191,0.854912
35.079233,0.762904
35.129274,0.685029
35.179316,0.594730
35.229358,0.514312
35.279399,0.452562
35.329441,0.385148
35.379483,0.333533
35.429525,0.291329
35.479566,0.251325
35.529608,0.217280
35.579650,0.192603
35.629691,0.172094
35.679733,0.163200
35.729775,0.143379
35.779817,0.134679
35.829858,0.138198
35.879900,0.122760
35.929942,0.127286
35.979983,0.124016
36.030025,0.116359
36.080067,0.110084
36.130108,0.116776
36.180150,0.117146
36.230192,0.118017
36.280234,0.114259
36.330275,0.118706
36.380317,0.119425
36.430359,0.109659
36.480400,0.119633
36.530442,0.114667
36.580484,0.111768
36.630525,0.112825
36.680567,0.121682
36.730609,0.118182
36.780651,0.107165
36.830692,0.114731
36.880734,0.113914
36.930776,0.113847
36.980817,0.112574
37.030859,0.108878
37.080901,0.118227
37.130942,0.111098
37.180984,0.113453
37.231026,0.112601
37.281068,0.112176
37.331109,0.118137
37.381151,0.116776
37.431193,0.112622
37.481234,0.111616
37.531276,0.113595
37.581318,0.119418
37.631359,0.116130
37.681401,0.116636
37.731443,0.114468
37.781485,0.114826
37.831526,0.116801
37.881568,0.108639
37.931610,0.122538
37.981651,0.113016
38.031693,0.113971
38.081735,0.121675
38.131776,0.117288
38.181818,0.116644
38.231860,0.114220
38.281902,0.110386
38.331943,0.117448
38.381985,0.121566
38.432027,0.113264
38.482068,0.122391
38.532110,0.112509
38.582152,0.114159
38.632193,0.119196
38.682235,0.117250
38.732277,0.120091
38.782319,0.114438
38.832360,0.113355
38.882402,0.110092
38.932444,0.112823
38.982485,0.113411
39.032527,0.112085
39.082569,0.119104
39.132611,0.115293
39.182652,0.110073
39.232694,0.128037
39.282736,0.114842
39.332777,0.113237
39.382819,0.123296
39.432861,0.123076
39.482902,0.113887
39.532944,0.112674
39.582986,0.114648
39.633028,0.123244
39.683069,0.117558
39.733111,0.115647
39.783153,0.118846
39.833194,0.123854
39.883236,0.113557
39.933278,0.117658
39.983319,0.113737
40.033361,0.128037
40.083403,0.126700
40.133445,0.123309
40.183486,0.119049
40.233528,0.122297
40.283570,0.111331
40.333611,0.120923
40.383653,0.114550
40.433695,0.114674
40.483736,0.117232
40.533778,0.118728
40.583820,0.122504
40.633862,0.123088
40.683903,0.121414
40.733945,0.116664
40.783987,0.123224
40.834028,0.120114
40.884070,0.125397
40.934112,0.117086
40.984153,0.109780
41.034195,0.119004
41.084237,0.129594
41.134279,0.122943
41.184320,0.120368
41.234362,0.124758
41.284404,0.123315
41.334445,0.123226
41.384487,0.119405
41.434529,0.121842
41.484570,0.122420
41.534612,0.119123
41.584654,0.117297
41.634696,0.122407
41.684737,0.125803
41.734779,0.124597
41.784821,0.124062
41.834862,0.124181
41.884904,0.132579
41.934946,0.123361
41.984987,0.126568
42.035029,0.130306
42.085071,0.122769
42.135113,0.123693
42.185154,0.126890
42.235196,0.129543
42.285238,0.124123
42.335279,0.124401
42.385321,0.123391
42.435363,0.118284
42.485405,0.127655
42.535446,0.122253
42.585488,0.116467
42.635530,0.122844
42.685571,0.116591
42.735613,0.119559
42.785655,0.123741
42.835696,0.120067
42.885738,0.128115
42.935780,0.118036
42.985822,0.125048
43.035863,0.126307
43.085905,0.129998
43.135947,0.127927
43.185988,0.125251
43.236030,0.124719
43.286072,0.124243
43.336113,0.129112
43.386155,0.122010
43.436197,0.126801
43.486239,0.124422
43.536280,0.125839
43.586322,0.123906
43.636364,0.133576
43.686405,0.122487
43.736447,0.126208
43.786489,0.126379
43.836530,0.127787
43.886572,0.127236
43.936614,0.127212
43.986656,0.129521
44.036697,0.119652
44.086739,0.125791
44.136781,0.120897
44.186822,0.126841
44.236864,0.121259
44.286906,0.122229
44.336947,0.125906
44.386989,0.131813
44.437031,0.128617
44.487073,0.127573
44.537114,0.132079
44.587156,0.122765
44.637198,0.118257
44.687239,0.125010
44.737281,0.125675
44.787323,0.131811
44.837364,0.135519
44.887406,0.121745
44.937448,0.137100
44.987490,0.133618
45.037531,0.130960
45.087573,0.129455
45.137615,0.138277
45.187656,0.129812
45.237698,0.128996
45.287740,0.133524
45.337781,0.130462
45.387823,0.141913
45.437865,0.144968
45.487907,0.153500
45.537948,0.161729
45.587990,0.165267
45.638032,0.184640
45.688073,0.185204
45.738115,0.201944
45.788157,0.199563
45.838198,0.212646
45.888240,0.210240
45.938282,0.212941
45.988324,0.206395
46.038365,0.193890
46.088407,0.189839
46.138449,0.185098
46.188490,0.177509
46.238532,0.159703
46.288574,0.148566
46.338616,0.146319
46.388657,0.143091
46.438699,0.136886
46.488741,0.132869
46.538782,0.137199
46.588824,0.136126
46.638866,0.134265
46.688907,0.126978
46.738949,0.130729
46.788991,0.129508
46.839033,0.124531
46.889074,0.133786
46.939116,0.130655
46.989158,0.128427
47.039199,0.136109
47.089241,0.133570
47.139283,0.134016
47.189324,0.135471
47.239366,0.133621
47.289408,0.125768
47.339450,0.129353
47.389491,0.135000
47.439533,0.127990
47.489575,0.131293
47.539616,0.132814
47.589658,0.137069
47.639700,0.136576
47.689741,0.135054
47.739783,0.130793
47.789825,0.135277
47.839867,0.133809
47.889908,0.131128
47.939950,0.137285
47.989992,0.133911
48.040033,0.128988
48.090075,0.137155
48.140117,0.131148
48.190158,0.134622
48.240200,0.126229
48.290242,0.132327
48.340284,0.128698
48.390325,0.128670
48.440367,0.124997
48.490409,0.141291
48.540450,0.132196
48.590492,0.133827
48.640534,0.137385
48.690575,0.132545
48.740617,0.135165
48.790659,0.127753
48.840701,0.134054
48.890742,0.131691
48.940784,0.135428
48.990826,0.134229
49.040867,0.128041
49.090909,0.126255
49.140951,0.129682
49.190992,0.136769
49.241034,0.135600
49.291076,0.135591
49.341118,0.125979
49.391159,0.123377
49.441201,0.131718
49.491243,0.132960
49.541284,0.131955
49.591326,0.135866
49.641368,0.133841
49.691410,0.129860
49.741451,0.131162
49.791493,0.135332
49.841535,0.135129
49.891576,0.134620
49.941618,0.144065
49.991660,0.134023
50.041701,0.135633
50.091743,0.131246
50.141785,0.133872
50.191827,0.137484
50.241868,0.137734
50.291910,0.134914
50.341952,0.137202
50.391993,0.135921
50.442035,0.128253
50.492077,0.122756
50.542118,0.145178
50.592160,0.139336
50.642202,0.135865
50.692244,0.129220
50.742285,0.131150
50.792327,0.141755
50.842369,0.125258
50.892410,0.135193
50.942452,0.140044
50.992494,0.137223
51.042535,0.139749
51.092577,0.136284
51.142619,0.146462
51.192661,0.132856
51.242702,0.131599
51.292744,0.138226
51.342786,0.142926
51.392827,0.137063
51.442869,0.141563
51.492911,0.135323
51.542952,0.132785
51.592994,0.143205
51.643036,0.143960
51.693078,0.143897
51.743119,0.136091
51.793161,0.133303
51.843203,0.133326
51.893244,0.137185
51.943286,0.140493
51.993328,0.140280
52.043369,0.132585
52.093411,0.139183
52.143453,0.138553
52.193495,0.138922
52.243536,0.138547
52.293578,0.137913
52.343620,0.141174
52.393661,0.139388
52.443703,0.139862
52.493745,0.136277
52.543786,0.140703
52.593828,0.138715
52.643870,0.130818
52.693912,0.141293
52.743953,0.138381
52.793995,0.143223
52.844037,0.138949
52.894078,0.139295
52.944120,0.140604
52.994162,0.139790
53.044204,0.138129
53.094245,0.132824
53.144287,0.147447
53.194329,0.133841
53.244370,0.138870
53.294412,0.142928
53.344454,0.141915
53.394495,0.142744
53.444537,0.143632
53.494579,0.145688
53.544621,0.141903
53.594662,0.152421
53.644704,0.136820
53.694746,0.141863
53.744787,0.139590
53.794829,0.138933
53.844871,0.142342
53.894912,0.147106
53.944954,0.138512
53.994996,0.138588
54.045038,0.144410
54.095079,0.143768
54.145121,0.149503
54.195163,0.145863
54.245204,0.142749
54.295246,0.140593
54.345288,0.142852
54.395329,0.141370
54.445371,0.136690
54.495413,0.142263
54.545455,0.141609
54.595496,0.141460
54.645538,0.140752
54.695580,0.149310
54.745621,0.145414
54.795663,0.146456
54.845705,0.140358
54.895746,0.138778
54.945788,0.141817
54.995830,0.144004
55.045872,0.141727
55.095913,0.142435
55.145955,0.147113
55.195997,0.144544
55.246038,0.139491
55.296080,0.141795
55.346122,0.140957
55.396163,0.144391
55.446205,0.139078
55.496247,0.143111
55.546289,0.146677
55.596330,0.144101
55.646372,0.140410
55.696414,0.141680
55.746455,0.144723
55.796497,0.146238
55.846539,0.147734
55.896580,0.143884
55.946622,0.139276
55.996664,0.150325
56.046706,0.145896
56.096747,0.146409
56.146789,0.146086
56.196831,0.140794
56.246872,0.143747
56.296914,0.146133
56.346956,0.149314
56.396997,0.145504
56.447039,0.132864
56.497081,0.144458
56.547123,0.146914
56.597164,0.150759
56.647206,0.148508
56.697248,0.155704
56.747289,0.151520
56.797331,0.151293
56.847373,0.149754
56.897415,0.140533
56.947456,0.149531
56.997498,0.148620
57.047540,0.144198
57.097581,0.148729
57.147623,0.148134
57.197665,0.144682
57.247706,0.146128
57.297748,0.145648
57.347790,0.147703
57.397832,0.145163
57.447873,0.149121
57.497915,0.139351
57.547957,0.145973
57.597998,0.140442
57.648040,0.145329
57.698082,0.149408
57.748123,0.147507
57.798165,0.147058
57.848207,0.147855
57.898249,0.153938
57.948290,0.143315
57.998332,0.151371
58.048374,0.141850
58.098415,0.146110
58.148457,0.148714
58.198499,0.144733
58.248540,0.149040
58.298582,0.151214
58.348624,0.143604
58.398666,0.148150
58.448707,0.147033
58.498749,0.140858
58.548791,0.147951
58.598832,0.145588
58.648874,0.154215
58.698916,0.145437
58.748957,0.155817
58.798999,0.146965
58.849041,0.156931
58.899083,0.151416
58.949124,0.151154
58.999166,0.152641
59.049208,0.153107
59.099249,0.155191
59.149291,0.156589
59.199333,0.148351
59.249374,0.144817
59.299416,0.139211
59.349458,0.148429
59.399500,0.153099
59.449541,0.151651
59.499583,0.150678
59.549625,0.148897
59.599666,0.147818
59.649708,0.149323
59.699750,0.152093
59.749791,0.143559
59.799833,0.153613
59.849875,0.144943
59.899917,0.150224
59.949958,0.148399
60.000000,0.149539
